Year,Team,Totals,Points scored in 1st quarter,Points scored in 2nd quarter,Points scored in 3rd quarter,Points scored in 4th quarter,Points scored in overtime,1st quarter,2nd quarter,3rd quarter,4th quarter,Overtime
2012,ne,Team Totals,113,177,103,161,3,,,,,
2012,ne,Opponents Totals,67,81,75,108,0,,,,,
2012,lbuf,Team Totals,50,91,71,76,0,,,,,
2012,lbuf,Opponents Totals,70,92,48,101,6,,,,,
2012,lten,Team Totals,58,69,67,84,3,,,,,
2012,lten,Opponents Totals,72,120,69,111,3,,,,,
2012,bos,Team Totals,84,109,78,70,3,,,,,
2012,bos,Opponents Totals,89,115,109,122,0,,,,,
2012,phi,Team Totals,88,108,98,101,3,,,,,
2012,phi,Opponents Totals,70,103,86,82,3,,,,,
2012,dal,Team Totals,113,104,63,111,,,,,,
2012,dal,Opponents Totals,42,102,80,96,,,,,,
2012,pit,Team Totals,57,114,71,91,3,,,,,
2012,pit,Opponents Totals,60,103,78,70,3,,,,,
2012,stl,Team Totals,50,89,69,94,0,,,,,
2012,stl,Opponents Totals,84,96,75,110,3,,,,,
2012,c-p,Team Totals,94,136,100,74,12,,,,,
2012,c-p,Opponents Totals,77,83,85,83,3,,,,,
2012,si,Team Totals,93,96,81,81,6,,,,,
2012,si,Opponents Totals,69,144,78,96,0,,,,,
2012,atl,Team Totals,72,94,66,95,3,,,,,
2012,atl,Opponents Totals,155,58,116,136,6,,,,,
2012,ltb,Team Totals,50,71,43,88,3,,,,,
2012,ltb,Opponents Totals,66,134,87,142,15,,,,,
2012,col,Team Totals,66,116,153,146,,,,,,
2012,col,Opponents Totals,70,81,62,76,,,,,,
2012,lou,Team Totals,99,100,70,81,0,,,,,
2012,lou,Opponents Totals,72,79,69,127,3,,,,,
2012,was,Team Totals,35,89,54,109,3,,,,,
2012,was,Opponents Totals,106,101,146,90,0,,,,,
2012,lgb,Team Totals,42,54,43,69,3,,,,,
2012,lgb,Opponents Totals,95,121,106,100,3,,,,,
2012,lsea,Team Totals,79,138,95,121,3,,,,,
2012,lsea,Opponents Totals,80,114,46,148,0,,,,,
2012,ari,Team Totals,101,138,73,117,,,,,,
2012,ari,Opponents Totals,86,103,84,71,,,,,,
2012,roc,Team Totals,36,88,84,162,6,,,,,
2012,roc,Opponents Totals,71,127,79,120,3,,,,,
2012,lne,Team Totals,31,92,78,79,0,,,,,
2012,lne,Opponents Totals,106,111,83,141,3,,,,,
2012,lnyg,Team Totals,82,126,89,135,,,,,,
2012,lnyg,Opponents Totals,53,118,80,85,,,,,,
2012,ind,Team Totals,101,112,74,89,3,,,,,
2012,ind,Opponents Totals,60,104,77,107,0,,,,,
2012,oor,Team Totals,92,93,79,111,0,,,,,
2012,oor,Opponents Totals,48,97,54,72,6,,,,,
2012,cin,Team Totals,61,105,57,146,3,,,,,
2012,cin,Opponents Totals,77,137,59,156,6,,,,,
2012,nyj,Team Totals,91,131,68,129,,,,,,
2012,nyj,Opponents Totals,59,101,55,84,,,,,,
2012,gb,Team Totals,97,91,76,93,,,,,,
2012,gb,Opponents Totals,80,81,68,128,6,,,,,
2012,lsf,Team Totals,101,154,110,93,3,,,,,
2012,lsf,Opponents Totals,96,133,96,226,3,,,,,
2012,sf,Team Totals,94,77,88,124,6,,,,,
2012,sf,Opponents Totals,71,127,73,123,0,,,,,
2012,lind,Team Totals,57,110,100,130,0,,,,,
2012,lind,Opponents Totals,54,63,55,98,3,,,,,
2012,bkn,Team Totals,98,122,87,99,6,,,,,
2012,bkn,Opponents Totals,51,84,42,68,0,,,,,
2012,lmia,Team Totals,53,84,56,103,3,,,,,
2012,lmia,Opponents Totals,74,114,63,97,0,,,,,
2012,lcle,Team Totals,51,85,36,75,3,,,,,
2012,lcle,Opponents Totals,60,136,97,61,3,,,,,
2013,ne,Team Totals,74,104,85,178,3,,,,,
2013,ne,Opponents Totals,70,74,95,96,3,,,,,
2013,lbuf,Team Totals,44,106,63,74,3,,,,,
2013,lbuf,Opponents Totals,71,136,89,91,0,,,,,
2013,lten,Team Totals,43,117,88,67,2,,,,,
2013,lten,Opponents Totals,67,92,88,88,0,,,,,
2013,bos,Team Totals,73,103,75,88,0,,,,,
2013,bos,Opponents Totals,64,133,82,103,6,,,,,
2013,phi,Team Totals,87,123,103,114,3,,,,,
2013,phi,Opponents Totals,88,71,83,58,5,,,,,
2013,dal,Team Totals,78,87,106,108,,,,,,
2013,dal,Opponents Totals,84,108,57,121,,,,,,
2013,pit,Team Totals,59,79,64,115,3,,,,,
2013,pit,Opponents Totals,63,89,63,134,3,,,,,
2013,stl,Team Totals,56,105,71,76,,,,,,
2013,stl,Opponents Totals,67,121,73,145,,,,,,
2013,c-p,Team Totals,70,117,106,98,,,,,,
2013,c-p,Opponents Totals,102,102,66,66,,,,,,
2013,si,Team Totals,71,77,65,149,0,,,,,
2013,si,Opponents Totals,76,83,88,125,9,,,,,
2013,atl,Team Totals,70,66,50,61,,,,,,
2013,atl,Opponents Totals,107,139,102,101,,,,,,
2013,ltb,Team Totals,64,93,53,60,6,,,,,
2013,ltb,Opponents Totals,97,113,106,109,3,,,,,
2013,col,Team Totals,130,158,135,183,0,,,,,
2013,col,Opponents Totals,64,128,104,100,3,,,,,
2013,lou,Team Totals,124,133,65,108,0,,,,,
2013,lou,Opponents Totals,51,106,91,54,3,,,,,
2013,was,Team Totals,61,132,85,115,3,,,,,
2013,was,Opponents Totals,68,106,79,89,6,,,,,
2013,lgb,Team Totals,89,98,68,67,,,,,,
2013,lgb,Opponents Totals,89,150,96,118,,,,,,
2013,lsea,Team Totals,89,121,110,122,,,,,,
2013,lsea,Opponents Totals,60,97,100,125,,,,,,
2013,ari,Team Totals,91,125,98,125,,,,,,
2013,ari,Opponents Totals,67,119,108,138,,,,,,
2013,roc,Team Totals,46,90,80,75,3,,,,,
2013,roc,Opponents Totals,61,136,87,99,0,,,,,
2013,lne,Team Totals,47,114,82,85,6,,,,,
2013,lne,Opponents Totals,126,141,91,120,9,,,,,
2013,lnyg,Team Totals,78,105,113,118,3,,,,,
2013,lnyg,Opponents Totals,79,103,115,128,3,,,,,
2013,ind,Team Totals,96,124,90,132,3,,,,,
2013,ind,Opponents Totals,112,147,97,119,3,,,,,
2013,oor,Team Totals,48,136,90,121,0,,,,,
2013,oor,Opponents Totals,61,120,60,132,3,,,,,
2013,cin,Team Totals,82,108,85,110,6,,,,,
2013,cin,Opponents Totals,105,125,114,133,3,,,,,
2013,nyj,Team Totals,64,115,86,101,,,,,,
2013,nyj,Opponents Totals,31,79,54,77,,,,,,
2013,gb,Team Totals,86,155,70,103,,,,,,
2013,gb,Opponents Totals,87,112,46,59,,,,,,
2013,lsf,Team Totals,79,122,56,93,3,,,,,
2013,lsf,Opponents Totals,54,169,93,1270,0,,,,,
2013,sf,Team Totals,80,125,33,50,0,,,,,
2013,sf,Opponents Totals,64,140,76,106,3,,,,,
2013,lind,Team Totals,69,140,87,115,6,,,,,
2013,lind,Opponents Totals,22,108,41,60,9,,,,,
2013,bkn,Team Totals,97,121,71,117,,,,,,
2013,bkn,Opponents Totals,31,86,36,119,,,,,,
2013,lmia,Team Totals,49,122,93,112,3,,,,,
2013,lmia,Opponents Totals,94,89,41,100,3,,,,,
2013,lcle,Team Totals,67,101,80,100,,,,,,
2013,lcle,Opponents Totals,79,100,85,100,,,,,,
2014,ne,Team Totals,78,183,101,106,,,,,,
2014,ne,Opponents Totals,66,100,85,62,,,,,,
2014,lbuf,Team Totals,65,88,80,107,3,,,,,
2014,lbuf,Opponents Totals,49,90,75,75,0,,,,,
2014,lten,Team Totals,53,108,137,90,,,,,,
2014,lten,Opponents Totals,74,74,85,130,,,,,,
2014,bos,Team Totals,82,83,55,63,0,,,,,
2014,bos,Opponents Totals,99,128,84,84,6,,,,,
2014,phi,Team Totals,65,167,52,152,,,,,,
2014,phi,Opponents Totals,77,104,88,99,,,,,,
2014,dal,Team Totals,67,112,90,93,3,,,,,
2014,dal,Opponents Totals,57,65,102,117,3,,,,,
2014,pit,Team Totals,76,96,91,146,,,,,,
2014,pit,Opponents Totals,63,79,60,100,,,,,,
2014,stl,Team Totals,56,85,82,76,,,,,,
2014,stl,Opponents Totals,53,119,53,112,,,,,,
2014,c-p,Team Totals,87,141,122,108,,,,,,
2014,c-p,Opponents Totals,54,124,90,101,,,,,,
2014,si,Team Totals,69,111,88,104,0,,,,,
2014,si,Opponents Totals,58,99,64,83,3,,,,,
2014,atl,Team Totals,60,59,46,84,,,,,,
2014,atl,Opponents Totals,63,148,86,115,,,,,,
2014,ltb,Team Totals,40,94,73,47,,,,,,
2014,ltb,Opponents Totals,105,110,97,126,,,,,,
2014,col,Team Totals,91,151,131,109,0,,,,,
2014,col,Opponents Totals,56,126,57,109,6,,,,,
2014,lou,Team Totals,61,107,77,108,,,,,,
2014,lou,Opponents Totals,58,103,69,51,,,,,,
2014,was,Team Totals,51,115,93,86,3,,,,,
2014,was,Opponents Totals,53,137,86,72,0,,,,,
2014,lgb,Team Totals,50,60,56,87,,,,,,
2014,lgb,Opponents Totals,116,127,106,103,,,,,,
2014,lsea,Team Totals,95,140,110,119,3,,,,,
2014,lsea,Opponents Totals,76,92,58,123,3,,,,,
2014,ari,Team Totals,130,117,128,99,,,,,,
2014,ari,Opponents Totals,103,110,84,103,,,,,,
2014,roc,Team Totals,79,132,71,98,,,,,,
2014,roc,Opponents Totals,84,86,133,97,,,,,,
2014,lne,Team Totals,53,94,78,73,3,,,,,
2014,lne,Opponents Totals,86,133,82,137,0,,,,,
2014,lnyg,Team Totals,151,159,84,92,,,,,,
2014,lnyg,Opponents Totals,58,88,69,133,,,,,,
2014,ind,Team Totals,71,86,60,104,,,,,,
2014,ind,Opponents Totals,73,84,54,71,,,,,,
2014,oor,Team Totals,82,94,37,100,12,,,,,
2014,oor,Opponents Totals,76,102,70,95,0,,,,,
2014,cin,Team Totals,56,78,82,103,0,,,,,
2014,cin,Opponents Totals,88,173,94,84,3,,,,,
2014,nyj,Team Totals,66,76,79,115,3,,,,,
2014,nyj,Opponents Totals,76,121,71,103,3,,,,,
2014,gb,Team Totals,55,116,76,148,6,,,,,
2014,gb,Opponents Totals,81,115,104,118,6,,,,,
2014,lsf,Team Totals,96,86,105,91,3,,,,,
2014,lsf,Opponents Totals,77,135,66,139,0,,,,,
2014,sf,Team Totals,43,80,52,102,0,,,,,
2014,sf,Opponents Totals,102,103,107,86,12,,,,,
2014,lind,Team Totals,67,117,82,122,6,,,,,
2014,lind,Opponents Totals,57,87,43,67,0,,,,,
2014,bkn,Team Totals,57,96,55,102,,,,,,
2014,bkn,Opponents Totals,78,100,57,64,,,,,,
2014,lmia,Team Totals,92,121,57,33,3,,,,,
2014,lmia,Opponents Totals,81,85,93,78,3,,,,,
2014,lcle,Team Totals,95,98,48,83,,,,,,
2014,lcle,Opponents Totals,42,93,106,113,,,,,,
2015,ne,Team Totals,89,146,100,130,0,,,,,
2015,ne,Opponents Totals,36,90,73,104,12,,,,,
2015,lbuf,Team Totals,76,98,93,111,9,,,,,
2015,lbuf,Opponents Totals,33,136,71,74,0,,,,,
2015,lten,Team Totals,87,103,77,112,,,,,,
2015,lten,Opponents Totals,59,126,104,70,,,,,,
2015,bos,Team Totals,47,113,67,83,,,,,,
2015,bos,Opponents Totals,96,127,65,101,,,,,,
2015,phi,Team Totals,90,126,92,108,3,,,,,
2015,phi,Opponents Totals,37,70,76,93,3,,,,,
2015,dal,Team Totals,63,134,81,145,0,,,,,
2015,dal,Opponents Totals,64,92,37,123,3,,,,,
2015,pit,Team Totals,64,88,58,115,3,,,,,
2015,pit,Opponents Totals,80,124,91,103,3,,,,,
2015,stl,Team Totals,50,90,48,87,3,,,,,
2015,stl,Opponents Totals,98,116,88,127,3,,,,,
2015,c-p,Team Totals,59,76,81,123,,,,,,
2015,c-p,Opponents Totals,72,132,51,68,,,,,,
2015,si,Team Totals,61,101,59,106,6,,,,,
2015,si,Opponents Totals,67,129,106,100,6,,,,,
2015,atl,Team Totals,35,126,94,121,0,,,,,
2015,atl,Opponents Totals,83,163,69,130,3,,,,,
2015,ltb,Team Totals,67,71,84,71,6,,,,,
2015,ltb,Opponents Totals,96,127,75,125,0,,,,,
2015,col,Team Totals,67,103,57,116,12,,,,,
2015,col,Opponents Totals,41,98,58,99,0,,,,,
2015,lou,Team Totals,95,132,63,115,,,,,,
2015,lou,Opponents Totals,70,70,60,87,,,,,,
2015,was,Team Totals,58,136,84,78,3,,,,,
2015,was,Opponents Totals,102,96,63,138,0,,,,,
2015,lgb,Team Totals,52,112,51,105,0,,,,,
2015,lgb,Opponents Totals,90,103,73,129,3,,,,,
2015,lsea,Team Totals,102,110,61,115,0,,,,,
2015,lsea,Opponents Totals,71,84,100,118,6,,,,,
2015,ari,Team Totals,64,112,98,97,6,,,,,
2015,ari,Opponents Totals,87,136,92,115,0,,,,,
2015,roc,Team Totals,71,138,74,137,0,,,,,
2015,roc,Opponents Totals,87,126,86,140,3,,,,,
2015,lne,Team Totals,51,84,46,94,0,,,,,
2015,lne,Opponents Totals,66,100,64,132,12,,,,,
2015,lnyg,Team Totals,76,91,92,103,3,,,,,
2015,lnyg,Opponents Totals,52,104,47,99,0,,,,,
2015,ind,Team Totals,106,56,86,100,,,,,,
2015,ind,Opponents Totals,45,121,106,51,,,,,,
2015,oor,Team Totals,85,107,56,107,3,,,,,
2015,oor,Opponents Totals,36,132,97,135,0,,,,,
2015,cin,Team Totals,41,125,45,124,0,,,,,
2015,cin,Opponents Totals,110,106,72,100,9,,,,,
2015,nyj,Team Totals,99,167,130,98,6,,,,,
2015,nyj,Opponents Totals,70,51,79,105,3,,,,,
2015,gb,Team Totals,47,124,56,106,6,,,,,
2015,gb,Opponents Totals,80,95,87,80,3,,,,,
2015,lsf,Team Totals,121,97,81,103,6,,,,,
2015,lsf,Opponents Totals,68,139,123,140,6,,,,,
2015,sf,Team Totals,58,117,74,90,3,,,,,
2015,sf,Opponents Totals,85,132,95,105,0,,,,,
2015,lind,Team Totals,96,153,142,108,,,,,,
2015,lind,Opponents Totals,61,100,62,90,,,,,,
2015,bkn,Team Totals,77,128,111,107,,,,,,
2015,bkn,Opponents Totals,40,91,49,91,,,,,,
2015,lmia,Team Totals,69,93,64,51,3,,,,,
2015,lmia,Opponents Totals,77,71,72,104,6,,,,,
2015,lcle,Team Totals,25,93,42,69,9,,,,,
2015,lcle,Opponents Totals,79,163,56,89,0,,,,,
2016,ne,Team Totals,130,112,106,93,,,,,,
2016,ne,Opponents Totals,32,77,61,80,,,,,,
2016,lbuf,Team Totals,41,101,111,101,9,,,,,
2016,lbuf,Opponents Totals,110,95,58,117,0,,,,,
2016,lten,Team Totals,78,99,110,112,0,,,,,
2016,lten,Opponents Totals,72,118,100,85,3,,,,,
2016,bos,Team Totals,46,95,44,84,6,,,,,
2016,bos,Opponents Totals,99,130,84,96,0,,,,,
2016,phi,Team Totals,95,94,59,145,6,,,,,
2016,phi,Opponents Totals,62,83,74,105,3,,,,,
2016,dal,Team Totals,92,82,62,106,,,,,,
2016,dal,Opponents Totals,73,79,60,109,,,,,,
2016,pit,Team Totals,97,94,69,65,,,,,,
2016,pit,Opponents Totals,71,81,69,94,,,,,,
2016,stl,Team Totals,63,101,36,61,3,,,,,
2016,stl,Opponents Totals,103,123,107,107,12,,,,,
2016,c-p,Team Totals,47,74,65,90,3,,,,,
2016,c-p,Opponents Totals,54,118,44,112,0,,,,,
2016,si,Team Totals,77,149,59,96,,,,,,
2016,si,Opponents Totals,97,95,75,11,,,,,,
2016,atl,Team Totals,84,120,73,134,0,,,,,
2016,atl,Opponents Totals,66,134,65,124,3,,,,,
2016,ltb,Team Totals,51,90,64,113,,,,,,
2016,ltb,Opponents Totals,57,134,99,110,,,,,,
2016,col,Team Totals,88,117,61,111,12,,,,,
2016,col,Opponents Totals,76,103,44,85,3,,,,,
2016,lou,Team Totals,59,133,88,130,6,,,,,
2016,lou,Opponents Totals,43,126,114,101,0,,,,,
2016,was,Team Totals,40,106,41,143,3,,,,,
2016,was,Opponents Totals,94,65,62,70,6,,,,,
2016,lgb,Team Totals,78,139,112,78,3,,,,,
2016,lgb,Opponents Totals,62,122,100,133,6,,,,,
2016,lsea,Team Totals,89,142,82,102,6,,,,,
2016,lsea,Opponents Totals,51,89,67,99,0,,,,,
2016,ari,Team Totals,54,104,59,93,,,,,,
2016,ari,Opponents Totals,88,78,50,68,,,,,,
2016,roc,Team Totals,77,91,96,132,0,,,,,
2016,roc,Opponents Totals,68,138,60,117,0,,,,,
2016,lne,Team Totals,56,119,94,98,0,,,,,
2016,lne,Opponents Totals,78,120,59,68,6,,,,,
2016,lnyg,Team Totals,93,145,59,135,,,,,,
2016,lnyg,Opponents Totals,82,122,62,122,,,,,,
2016,ind,Team Totals,60,117,53,110,6,,,,,
2016,ind,Opponents Totals,62,99,85,112,0,,,,,
2016,oor,Team Totals,56,105,58,108,0,,,,,
2016,oor,Opponents Totals,71,121,27,82,6,,,,,
2016,cin,Team Totals,42,105,52,80,,,,,,
2016,cin,Opponents Totals,67,125,84,123,,,,,,
2016,nyj,Team Totals,139,157,135,109,0,,,,,
2016,nyj,Opponents Totals,68,127,52,156,3,,,,,
2016,gb,Team Totals,66,101,99,88,0,,,,,
2016,gb,Opponents Totals,78,114,96,75,6,,,,,
2016,lsf,Team Totals,89,135,88,157,,,,,,
2016,lsf,Opponents Totals,92,181,65,116,,,,,,
2016,sf,Team Totals,85,107,88,89,,,,,,
2016,sf,Opponents Totals,75,96,70,161,,,,,,
2016,lind,Team Totals,66,138,46,101,3,,,,,
2016,lind,Opponents Totals,62,90,40,97,3,,,,,
2016,bkn,Team Totals,58,140,81,136,3,,,,,
2016,bkn,Opponents Totals,72,99,91,97,3,,,,,
2016,lmia,Team Totals,71,53,26,74,,,,,,
2016,lmia,Opponents Totals,65,134,79,116,,,,,,
2016,lcle,Team Totals,75,104,25,105,0,,,,,
2016,lcle,Opponents Totals,93,152,98,131,6,,,,,
2017,ne,Team Totals,92,179,96,91,,,,,,
2017,ne,Opponents Totals,62,98,51,85,,,,,,
2017,lbuf,Team Totals,40,105,58,93,6,,,,,
2017,lbuf,Opponents Totals,56,97,94,112,0,,,,,
2017,lten,Team Totals,41,67,71,102,,,,,,
2017,lten,Opponents Totals,71,148,94,80,,,,,,
2017,bos,Team Totals,62,86,80,67,3,,,,,
2017,bos,Opponents Totals,75,101,67,139,0,,,,,
2017,phi,Team Totals,79,137,87,103,0,,,,,
2017,phi,Opponents Totals,65,84,91,62,6,,,,,
2017,dal,Team Totals,46,148,66,135,0,,,,,
2017,dal,Opponents Totals,50,108,69,73,3,,,,,
2017,pit,Team Totals,67,111,44,68,0,,,,,
2017,pit,Opponents Totals,73,103,62,108,3,,,,,
2017,stl,Team Totals,36,82,53,63,0,,,,,
2017,stl,Opponents Totals,77,155,99,70,9,,,,,
2017,c-p,Team Totals,84,113,104,113,3,,,,,
2017,c-p,Opponents Totals,43,68,81,73,3,,,,,
2017,si,Team Totals,52,103,91,85,3,,,,,
2017,si,Opponents Totals,71,98,49,138,0,,,,,
2017,atl,Team Totals,67,111,63,97,,,,,,
2017,atl,Opponents Totals,57,181,96,102,,,,,,
2017,ltb,Team Totals,42,106,66,46,3,,,,,
2017,ltb,Opponents Totals,58,113,94,130,9,,,,,
2017,col,Team Totals,84,116,91,124,0,,,,,
2017,col,Opponents Totals,77,82,70,107,3,,,,,
2017,lou,Team Totals,44,143,85,83,0,,,,,
2017,lou,Opponents Totals,66,64,61,78,3,,,,,
2017,was,Team Totals,55,81,58,107,,,,,,
2017,was,Opponents Totals,75,120,85,93,,,,,,
2017,lgb,Team Totals,59,66,81,83,,,,,,
2017,lgb,Opponents Totals,77,143,66,96,,,,,,
2017,lsea,Team Totals,106,118,107,126,,,,,,
2017,lsea,Opponents Totals,48,81,63,103,,,,,,
2017,ari,Team Totals,60,128,46,120,,,,,,
2017,ari,Opponents Totals,46,80,97,109,,,,,,
2017,roc,Team Totals,74,115,50,103,0,,,,,
2017,roc,Opponents Totals,67,117,77,124,3,,,,,
2017,lne,Team Totals,60,77,36,70,3,,,,,
2017,lne,Opponents Totals,60,123,65,140,0,,,,,
2017,lnyg,Team Totals,77,133,83,89,,,,,,
2017,lnyg,Opponents Totals,51,67,69,65,,,,,,
2017,ind,Team Totals,50,140,94,126,,,,,,
2017,ind,Opponents Totals,86,105,75,110,,,,,,
2017,oor,Team Totals,78,61,47,119,15,,,,,
2017,oor,Opponents Totals,71,130,73,110,0,,,,,
2017,cin,Team Totals,48,83,41,83,9,,,,,
2017,cin,Opponents Totals,64,126,58,72,0,,,,,
2017,nyj,Team Totals,59,123,99,82,,,,,,
2017,nyj,Opponents Totals,67,94,61,105,,,,,,
2017,gb,Team Totals,107,115,98,125,3,,,,,
2017,gb,Opponents Totals,80,86,46,114,,,,,,
2017,lsf,Team Totals,84,114,52,103,,,,,,
2017,lsf,Opponents Totals,44,115,77,79,,,,,,
2017,sf,Team Totals,72,64,57,124,0,,,,,
2017,sf,Opponents Totals,87,121,74,94,6,,,,,
2017,lind,Team Totals,119,161,119,79,,,,,,
2017,lind,Opponents Totals,71,117,41,100,,,,,,
2017,bkn,Team Totals,56,69,99,142,,,,,,
2017,bkn,Opponents Totals,56,122,90,64,,,,,,
2017,lmia,Team Totals,57,100,55,74,9,,,,,
2017,lmia,Opponents Totals,74,80,76,128,3,,,,,
2017,lcle,Team Totals,48,90,70,120,3,,,,,
2017,lcle,Opponents Totals,80,118,76,100,9,,,,,
2018,ne,Team Totals,,,,,,88,157,74,117,
2018,ne,Opponents Totals,,,,,,80,81,80,84,
2018,lbuf,Team Totals,,,,,,52,115,59,90,3
2018,lbuf,Opponents Totals,,,,,,89,85,101,158,0
2018,lten,Team Totals,,,,,,80,52,63,74,
2018,lten,Opponents Totals,,,,,,64,168,40,102,
2018,bos,Team Totals,,,,,,57,106,92,78,0
2018,bos,Opponents Totals,,,,,,90,123,88,134,6
2018,phi,Team Totals,,,,,,88,108,106,87,0
2018,phi,Opponents Totals,,,,,,66,104,53,58,6
2018,dal,Team Totals,,,,,,70,166,101,91,0
2018,dal,Opponents Totals,,,,,,96,69,72,123,0
2018,pit,Team Totals,,,,,,59,94,93,110,3
2018,pit,Opponents Totals,,,,,,64,136,86,100,6
2018,stl,Team Totals,,,,,,69,125,55,119,
2018,stl,Opponents Totals,,,,,,59,203,109,84,
2018,c-p,Team Totals,,,,,,87,136,60,110,9
2018,c-p,Opponents Totals,,,,,,74,76,91,72,3
2018,si,Team Totals,,,,,,83,135,87,125,3
2018,si,Opponents Totals,,,,,,76,99,80,83,6
2018,atl,Team Totals,,,,,,76,58,69,101,6
2018,atl,Opponents Totals,,,,,,70,105,63,62,3
2018,ltb,Team Totals,,,,,,42,81,60,62,
2018,ltb,Opponents Totals,,,,,,77,88,62,89,
2018,col,Team Totals,,,,,,147,150,134,131,3
2018,col,Opponents Totals,,,,,,56,131,98,136,0
2018,lou,Team Totals,,,,,,78,151,99,100,
2018,lou,Opponents Totals,,,,,,98,66,73,92,
2018,was,Team Totals,,,,,,75,78,86,90,
2018,was,Opponents Totals,,,,,,65,136,82,66,
2018,lgb,Team Totals,,,,,,58,82,63,84,3
2018,lgb,Opponents Totals,,,,,,85,124,108,150,0
2018,lsea,Team Totals,,,,,,76,77,63,117,6
2018,lsea,Opponents Totals,,,,,,24,90,79,128,3
2018,ari,Team Totals,,,,,,41,107,191,115,3
2018,ari,Opponents Totals,,,,,,61,108,53,114,12
2018,roc,Team Totals,,,,,,54,95,35,97,
2018,roc,Opponents Totals,,,,,,60,134,61,104,
2018,lne,Team Totals,,,,,,74,95,80,117,3
2018,lne,Opponents Totals,,,,,,61,114,68,169,0
2018,lnyg,Team Totals,,,,,,85,138,82,116,0
2018,lnyg,Opponents Totals,,,,,,38,58,66,115,6
2018,ind,Team Totals,,,,,,79,87,78,116,
2018,ind,Opponents Totals,,,,,,75,116,53,97,
2018,oor,Team Totals,,,,,,75,107,92,96,6
2018,oor,Opponents Totals,,,,,,104,131,61,104,0
2018,cin,Team Totals,,,,,,69,101,58,96,
2018,cin,Opponents Totals,,,,,,43,124,94,99,
2018,nyj,Team Totals,,,,,,81,161,94,162,6
2018,nyj,Opponents Totals,,,,,,98,101,81,83,0
2018,gb,Team Totals,,,,,,64,141,72,137,0
2018,gb,Opponents Totals,,,,,,95,96,88,138,6
2018,lsf,Team Totals,,,,,,96,128,40,112,
2018,lsf,Opponents Totals,,,,,,89,104,83,106,
2018,sf,Team Totals,,,,,,71,138,71,113,3
2018,sf,Opponents Totals,,,,,,91,166,93,114,0
2018,lind,Team Totals,,,,,,105,174,131,117,
2018,lind,Opponents Totals,,,,,,84,112,106,82,
2018,bkn,Team Totals,,,,,,78,129,82,149,0
2018,bkn,Opponents Totals,,,,,,71,106,48,119,3
2018,lmia,Team Totals,,,,,,61,118,99,60,3
2018,lmia,Opponents Totals,,,,,,100,128,91,116,0
2018,lcle,Team Totals,,,,,,71,50,32,72,
2018,lcle,Opponents Totals,,,,,,87,158,100,80,
2019,ne,Team Totals,,,,,,118,97,103,98,
2019,ne,Opponents Totals,,,,,,46,82,51,46,
2019,lbuf,Team Totals,,,,,,43,107,55,109,
2019,lbuf,Opponents Totals,,,,,,52,61,66,80,
2019,lten,Team Totals,,,,,,60,78,54,84,
2019,lten,Opponents Totals,,,,,,89,114,73,83,
2019,bos,Team Totals,,,,,,54,115,49,85,3
2019,bos,Opponents Totals,,,,,,91,140,106,157,0
2019,phi,Team Totals,,,,,,128,156,106,138,3
2019,phi,Opponents Totals,,,,,,31,123,50,78,0
2019,dal,Team Totals,,,,,,47,96,89,57,0
2019,dal,Opponents Totals,,,,,,67,94,49,90,3
2019,pit,Team Totals,,,,,,77,110,61,87,
2019,pit,Opponents Totals,,,,,,76,110,98,109,
2019,stl,Team Totals,,,,,,66,87,36,90,9
2019,stl,Opponents Totals,,,,,,98,132,96,91,3
2019,c-p,Team Totals,,,,,,47,115,92,124,
2019,c-p,Opponents Totals,,,,,,75,112,92,106,
2019,si,Team Totals,,,,,,69,77,110,146,
2019,si,Opponents Totals,,,,,,74,99,87,71,
2019,atl,Team Totals,,,,,,89,104,80,88,0
2019,atl,Opponents Totals,,,,,,64,116,93,84,6
2019,ltb,Team Totals,,,,,,60,59,65,116,
2019,ltb,Opponents Totals,,,,,,117,95,86,99,
2019,col,Team Totals,,,,,,90,177,103,81,
2019,col,Opponents Totals,,,,,,80,67,57,104,
2019,lou,Team Totals,,,,,,78,95,52,57,
2019,lou,Opponents Totals,,,,,,39,86,87,104,
2019,was,Team Totals,,,,,,85,113,27,88,
2019,was,Opponents Totals,,,,,,62,138,111,108,
2019,lgb,Team Totals,,,,,,53,115,69,94,6
2019,lgb,Opponents Totals,,,,,,87,89,88,81,0
2019,lsea,Team Totals,,,,,,69,103,104,103,6
2019,lsea,Opponents Totals,,,,,,72,129,68,85,0
2019,ari,Team Totals,,,,,,67,139,88,140,
2019,ari,Opponents Totals,,,,,,79,105,78,59,
2019,roc,Team Totals,,,,,,48,138,91,58,6
2019,roc,Opponents Totals,,,,,,105,125,88,127,6
2019,lne,Team Totals,,,,,,37,94,48,87,0
2019,lne,Opponents Totals,,,,,,90,133,89,117,6
2019,lnyg,Team Totals,,,,,,108,83,101,84,
2019,lnyg,Opponents Totals,,,,,,56,116,64,77,
2019,ind,Team Totals,,,,,,88,136,74,109,
2019,ind,Opponents Totals,,,,,,71,95,77,60,
2019,oor,Team Totals,,,,,,37,80,108,55,
2019,oor,Opponents Totals,,,,,,53,85,44,116,
2019,cin,Team Totals,,,,,,102,92,57,87,3
2019,cin,Opponents Totals,,,,,,65,137,69,149,3
2019,nyj,Team Totals,,,,,,89,140,130,99,
2019,nyj,Opponents Totals,,,,,,60,88,81,112,
2019,gb,Team Totals,,,,,,77,81,64,153,6
2019,gb,Opponents Totals,,,,,,71,160,69,99,0
2019,lsf,Team Totals,,,,,,106,169,70,113,0
2019,lsf,Opponents Totals,,,,,,99,113,101,124,12
2019,sf,Team Totals,,,,,,60,96,83,101,
2019,sf,Opponents Totals,,,,,,109,130,128,103,
2019,lind,Team Totals,,,,,,106,135,112,126,0
2019,lind,Opponents Totals,,,,,,66,75,76,90,3
2019,bkn,Team Totals,,,,,,77,110,83,126,9
2019,bkn,Opponents Totals,,,,,,91,114,56,137,0
2019,lmia,Team Totals,,,,,,52,146,92,104,
2019,lmia,Opponents Totals,,,,,,65,116,70,113,
2019,lcle,Team Totals,,,,,,77,95,67,119,3
2019,lcle,Opponents Totals,,,,,,64,159,79,137,3
2020,ne,Team Totals,,,,,,90,175,92,144,
2020,ne,Opponents Totals,,,,,,49,97,101,128,
2020,lbuf,Team Totals,,,,,,103,118,57,133,
2020,lbuf,Opponents Totals,,,,,,55,118,74,91,
2020,lten,Team Totals,,,,,,38,104,82,102,
2020,lten,Opponents Totals,,,,,,69,115,86,83,
2020,bos,Team Totals,,,,,,59,67,64,53,
2020,bos,Opponents Totals,,,,,,100,141,103,113,
2020,phi,Team Totals,,,,,,62,154,68,132,
2020,phi,Opponents Totals,,,,,,54,115,66,77,
2020,dal,Team Totals,,,,,,118,147,99,104,0
2020,dal,Opponents Totals,,,,,,59,86,49,113,6
2020,pit,Team Totals,,,,,,63,157,65,123,
2020,pit,Opponents Totals,,,,,,78,100,93,148,
2020,stl,Team Totals,,,,,,61,107,53,90,
2020,stl,Opponents Totals,,,,,,76,121,98,129,
2020,c-p,Team Totals,,,,,,96,144,101,138,12
2020,c-p,Opponents Totals,,,,,,77,143,97,122,0
2020,si,Team Totals,,,,,,107,156,68,117,3
2020,si,Opponents Totals,,,,,,86,137,53,86,0
2020,atl,Team Totals,,,,,,60,124,82,118,0
2020,atl,Opponents Totals,,,,,,103,155,74,126,6
2020,ltb,Team Totals,,,,,,45,94,76,91,0
2020,ltb,Opponents Totals,,,,,,104,164,125,86,3
2020,col,Team Totals,,,,,,94,149,91,136,3
2020,col,Opponents Totals,,,,,,70,117,28,147,0
2020,lou,Team Totals,,,,,,78,134,77,142,3
2020,lou,Opponents Totals,,,,,,93,136,67,176,6
2020,was,Team Totals,,,,,,74,146,89,70,6
2020,was,Opponents Totals,,,,,,84,111,102,120,9
2020,lgb,Team Totals,,,,,,54,75,71,123,
2020,lgb,Opponents Totals,,,,,,74,151,78,143,
2020,lsea,Team Totals,,,,,,50,85,70,130,
2020,lsea,Opponents Totals,,,,,,86,152,39,61,
2020,ari,Team Totals,,,,,,74,72,56,58,
2020,ari,Opponents Totals,,,,,,72,113,58,114,
2020,roc,Team Totals,,,,,,77,130,67,121,
2020,roc,Opponents Totals,,,,,,121,153,69,130,
2020,lne,Team Totals,,,,,,62,103,58,111,
2020,lne,Opponents Totals,,,,,,88,119,97,114,
2020,lnyg,Team Totals,,,,,,80,219,103,107,0
2020,lnyg,Opponents Totals,,,,,,71,92,82,121,3
2020,ind,Team Totals,,,,,,72,122,48,130,0
2020,ind,Opponents Totals,,,,,,71,115,93,88,3
2020,oor,Team Totals,,,,,,93,82,115,137,3
2020,oor,Opponents Totals,,,,,,74,137,128,136,0
2020,cin,Team Totals,,,,,,95,96,77,109,
2020,cin,Opponents Totals,,,,,,109,161,98,151,
2020,nyj,Team Totals,,,,,,82,176,94,124,6
2020,nyj,Opponents Totals,,,,,,70,111,68,88,0
2020,gb,Team Totals,,,,,,88,157,112,135,
2020,gb,Opponents Totals,,,,,,100,117,77,61,
2020,lsf,Team Totals,,,,,,89,107,59,96,
2020,lsf,Opponents Totals,,,,,,85,117,80,120,
2020,sf,Team Totals,,,,,,91,131,70,104,
2020,sf,Opponents Totals,,,,,,68,100,96,150,
2020,lind,Team Totals,,,,,,86,128,118,127,0
2020,lind,Opponents Totals,,,,,,66,90,65,147,3
2020,bkn,Team Totals,,,,,,81,101,87,103,
2020,bkn,Opponents Totals,,,,,,66,123,47,60,
2020,lmia,Team Totals,,,,,,98,109,90,110,3
2020,lmia,Opponents Totals,,,,,,72,128,70,97,0
2020,lcle,Team Totals,,,,,,89,84,77,126,
2020,lcle,Opponents Totals,,,,,,68,111,83,128,
